sp,latin
alclat,Alchornea latifolia
alcflo,Alchorneopsis floribunda
andine,Andira inermis
artalt,Artocarpus altilis
buctet,Buchenavia tetraphylla
byrspi,Byrsonima spicata
byrwad,Byrsonima wadsworthii
calcal,Calophyllum brasiliense
casarb,Casearia arborea
cassyl,Casearia sylvestris
cecsch,Cecropia schreberiana
ceipen,Ceiba pentandra
chidom,Chionanthus domingensis
choven,Chione venosa
cinmon,Cinnamomum montanum
cluclu,Clusia clusioides
cocspp,Coccoloba spp
cocswa,Coccoloba swartzii
corbor,Cordia borinquensis
corsul,Cordia sulcata
cropoe,Croton poecilanthus
cyrrac,Cyrilla racemiflora
dacexc,Dacryodes excelsa
denarb,Dendropanax arboreus
drygla,Drypetes glauca
eugdom,Eugenia domingensis
eugsta,Eugenia stahlii
farocc,Faramea occidentalis
ficame,Ficus americana
ficcit,Ficus citrifolia
ficcra,Ficus crassinervia
ficspp,Ficus spp
fictri,Ficus trigonata
gename,Genipa americana
guagui,Guarea guidonia
gutcar,Guatteria caribaea
guaulm,Guazuma ulmifolia
gueval,Guettarda valenzuelana
henfas,Henriettea fascicularis
calsqu,Henriettea squamulosum
homrac,Homalium racemosum
inglau,Inga laurina
ingver,Inga vera
laepro,Laetia procera
lonlat,Lonchocarpus heptaphyllus
magspl,Magnolia splendens
manind,Mangifera indica
manbid,Manilkara bidentata
marnob,Margaritaria nobilis
matdom,Matayba domingensis
melher,Meliosma herbertii
mictet,Miconia tetrandra
mirgar,Micropholis garciniifolia
mirchr,Micropholis guyanensis
myrdef,Myrcia deflexa
myrspl,Myrcia splendens
ocoglo,Nectandra hihua
ocosin,Nectandra turbacensis
ochpyr,Ochroma pyramidale
ocoflo,Ocotea floribunda
ocoleu,Ocotea leucoxylon
ocomos,Ocotea moschata
ormkru,Ormosia krugii
oxalau,Oxandra laurifolia
pisbor,Pisonia sp. 1 borinquena
plemac,Pleodendron macranthum
premon,Prestoea acuminata
psespu,Pseudolmedia spuria
pteoff,Pterocarpus officinalis
ronpor,Rondeletia portoricensis
roybor,Roystonea borinquena
saplau,Sapium laurocerasus
schmor,Schefflera morototoni
slober,Sloanea berteroana
swimac,Swietenia macrophylla
symmar,Symplocos martinicensis
syzjam,Syzygium jambos
tabhet,Tabebuia heterophylla
tetbal,Tetragastris balsamifera
tripal,Trichilia pallida
zanmar,Zanthoxylum martinicense
acne,Acer negundo
acpl,Acer platanoides
acru,Acer rubrum
aial,Ailanthus altissima
amar,Amelanchier arborea
caca,Carpinus caroliniana
caco,Carya cordiformis
cagl,Carya glabra
caovl,Carya ovalis
casp,Carya sp
cato,Carya tomentosa
ceoc,Celtis occidentalis
ceca,Cercis canadensis
divi,Diospyros virginiana
fagr,Fagus grandifolia
fram,Fraxinus americana
frni,Fraxinus nigra
frpe,Fraxinus pennsylvanica
juci,Juglans cinerea
juni,Juglans nigra
libe,Lindera benzoin
litu,Liriodendron tulipifera
nysy,Nyssa sylvatica
pato,Paulownia tomentosa
pipu,Pinus pungens
pist,Pinus strobus
pivi,Pinus virginiana
ploc,Platanus occidentalis
prav,Prunus avium
prse,Prunus serotina
qual,Quercus alba
quco,Quercus coccinea
qufa,Quercus falcata
qumi,Quercus michauxii
qupr,Quercus prinus
quru,Quercus rubra
qusp,Quercus sp
quve,Quercus velutina
rops,Robinia pseudoacacia
saal,Sassafras albidum
tiam,Tilia americana
ulam,Ulmus americana
ulru,Ulmus rubra
ulsp,Ulmus sp
unk,Unidentified unk
caca18,Carpinus caroliniana
caal27,Carya alba
caco15,Carya cordiformis
cagl8,Carya glabra
carya,Carya sp.
cofl2,Cornus florida
fram2,Fraxinus americana
juvi,Juniperus virginiana
libe3,Lindera benzoin
list2,Liquidambar styraciflua
pita,Pinus taeda
pivi2,Pinus virginiana
pogr4,Populus grandidentata
prse2,Prunus serotina
quco2,Quercus coccinea
qupa2,Quercus palustris
querc,Quercus sp.
qust,Quercus stellata
unkn,Unidentified Unknown
acac1,Acacia sp.1
acacme,Acacia melanoceras
acacri,Acacia riparia
acaldi,Acalypha diversifolia
acalma,Acalypha macrostachya
ade1tr,Adelia triloba
aegian,Aegiphila anomala
aegipa,Aegiphila panamensis
albiad,Albizia adinocephala
albigu,Pseudosamanea guachapele
albipr,Albizia procera
alch3,Alchornea sp.3
alch4,Alchornea sp.4
alchco,Alchornea costaricensis
alchla,Alchornea latifolia
alibed,Alibertia edulis
allo2,Allophylus sp.2
allops,Allophylus psilospermus
alsebl,Alseis blackiana
amai1,Amaioua sp.1
amai2,Amaioua sp.2
amaico,Amaioua corymbosa
amaima,Amaioua magnicarpa
amaipe,Amaioua pedicellata
amp1is,Amphitecna isthmica
amp1la,Amphitecna latifolia
amp1sp,Amphitecna spathicalyx
ampeed,Ampelocera edentula
ampema,Ampelocera macphersonii
ana1,Unidentified sp.1
anacex,Anacardium excelsum
anaxpa,Anaxagorea panamensis
andiin,Andira inermis
anib1,Aniba sp.1
anib2,Aniba sp.2
anibho,Aniba hostmanniana
ann1,Unidentified sp.1
annoac,Annona acuminata
annoha,Annona hayesii
annomo,Annona montana
annopi,Annona pittieri
annopu,Annona purpurea
annosp,Annona spraguei
antitr,Pittoniotis trichantha
apeihy,Apeiba hybrid
apeime,Apeiba membranacea
apeiti,Apeiba tibourbou
aphede,Aphelandra scabra
aphesi,Aphelandra sinclairiana
appuse,Appunia seibertii
ardi11,Ardisia sp.11
ardi15,Ardisia sp.15
ardi5,Ardisia sp.5
ardi6,Ardisia sp.6
ardi7,Ardisia sp.7
ardi9,Ardisia sp.9
ardiba,Ardisia bartlettii
ardidu,Ardisia dukei
ardife,Ardisia standleyana
ardigl,Ardisia glomerata
ardigu,Ardisia guianensis
ardiop,Ardisia opaca
ardire,Ardisia revoluta
artoal,Artocarpus altilis
aspicr,Aspidosperma spruceanum
aspime,Aspidosperma megalocarpon
ast1al,Astrocaryum alatum
ast1st,Astrocaryum standleyanum
ast2gr,Astronium graveolens
bactba,Bactris barronis
bactc1,Bactris coloniata
bactc2,Bactris coloradonis
bactm1,Bactris maraja
bactma,Bactris major
bactpa,Bactris panamensis
banagu,Banara guianensis
beilpe,Beilschmiedia pendula
beilsu,Beilschmiedia sulcata
beilti,Beilschmiedia aff.tilaranensis
bellpe,Bellucia pentamera
bertgu,Bertiera guianensis
beslro,Besleria robusta
billco,Billia rosea
bixaor,Bixa orellana
bligsa,Blighia sapida
boro1,Borojoa sp.1
boropa,Borojoa panamensis
bourco,Bourreria costaricensis
brosal,Brosimum alicastrum
brosco,Brosimum costaricanum
brosgu,Brosimum guianense
brosla,Brosimum lactescens
brosut,Brosimum utile
buchca,Buchenavia tetraphylla
bunc1,Bunchosia sp.1
buncod,Bunchosia odorata
burssi,Bursera simaruba
byrsc1,Byrsonima crispa
byrscr,Byrsonima crassifolia
byrsne,Byrsonima dressleri
byrssp,Byrsonima spicata
caesco,Caesalpinia coriaria
cal11,Calycolpus sp.1
cal1wa,Calycolpus warszewiczianus
cal2ca,Calycophyllum candidissimum
cal3co,Calyptrogyne costatifrons
calaco,Calatola costaricensis
callst,Calliandra laxa
calobr,Calophyllum brasiliense
calolo,Calophyllum longifolium
calych,Calyptranthes chytraculia
calypu,Calyptranthes pulchella
calytu,Calyptranthes tumidonodia
cappcy,Capparis cynophallophora
cappdi,Capparis discolor
cappfr,Capparis frondosa
cappin,Capparis indica
cappos,Capparis aff.osmantha
capppi,Capparis pittieri
caragu,Carapa guianensis
carica,Vasconcellea cauliflora
carybu,Caryodaphnopsis burgeri
cas1mo,Cassia moschata
case3,Casearia sp.3
case4,Casearia sp.4
case5,Casearia sp.5
case6,Casearia sp.6
casea1,Casearia arguta
caseac,Casearia aculeata
casear,Casearia arborea
casec1,Casearia coronata
caseco,Casearia commersoniana
casegu,Casearia guianensis
caseni,Casearia nigricans
casesy,Casearia sylvestris
cassel,Cassipourea elliptica
castel,Castilla elastica
cavapl,Cavanillesia platanifolia
cecrga,Cecropia garciae
cecrhe,Cecropia heterochroma
cecrin,Cecropia insignis
cecrlo,Cecropia longipes
cecrob,Cecropia obtusifolia
cecrpe,Cecropia peltata
cedrod,Cedrela odorata
ceibpe,Ceiba pentandra
celtsc,Celtis schippii
cespma,Cespedesia spathulata
cestla,Cestrum latifolium
cestme,Cestrum megalophyllum
cha1te,Chamaedorea tepejilote
cha2sc,Chamguava schippii
cheico,Cheiloclinium cognatum
chi1pa,Chionanthus panamensis
chimla,Chimarrhis latifolia
chimpa,Chimarrhis parviflora
chomsp,Chomelia spinosa
chr1ec,Chrysochlamys eclipes
chr1gl,Chrysochlamys glauca
chr1gr,Chrysochlamys grandifolia
chr21,Chrysophyllum sp.1
chr2ar,Chrysophyllum argenteum
chr2ca,Chrysophyllum cainito
chr2co,Chrysophyllum colombianum
chr2hi,Chrysophyllum hirsutum
chr2ve,Chrysophyllum venezuelanense
chroru,Chromolucuma aff.rubriflora
citrsi,Citrus sinensis
clarbi,Clarisia biflora
clarra,Clarisia racemosa
clavco,Clavija costaricana
clavme,Clavija mezii
clid1,Clidemia sp.1
clidd1,Clidemia densiflora
clidde,Clidemia dentata
cliddi,Clidemia discolor
clidha,Clidemia hammelii
clidoc,Clidemia octona
clidse,Clidemia septuplinervia
clusdi,Clusia divaricata
cluspr,Clusia pratensis
cnempe,Cyathea petiolata
cocc2,Coccoloba sp.2
cocc4,Coccoloba sp.4
coccca,Coccoloba caracasana
coccco,Coccoloba coronata
coccjo,Coccoloba johnstonii
coccla,Coccoloba lasseri
coccma,Coccoloba manzinellensis
coccmo,Coccoloba mollis
coccob,Coccoloba obovata
coccpa,Coccoloba padiformis
cocctu,Coccoloba tuerckheimii
colugl,Colubrina glandulosa
coluhe,Colubrina heteroneura
colusp,Colubrina spinosa
compca,Compsoneura capitellata
compsp,Compsoneura sprucei
concpl,Conceveiba pleiostemona
cono1,Conostegia sp.1
conobr,Conostegia bracteata
conoci,Conostegia cinnamomea
conomo,Conostegia montana
conoru,Conostegia rufescens
copaar,Copaifera aromatica
cord6,Cordia sp.6
cord7,Cordia sp.7
cordal,Cordia alliodora
cordbi,Cordia bicolor
corddw,Cordia dwyeri
cordla,Cordia lasiocalyx
cordlu,Cordia lucidula
cordpa,Cordia panamensis
cordpo,Cordia porcata
cou21,Coussarea sp.1
cou2ce,Coussarea cerroazulensis
cou2cu,Coussarea curvigemmia
cou2ho,Coussarea hondensis
cou2la,Coussarea latifolia
coue1,Couepia sp.1
courpa,Couratari guianensis
couthe,Coutarea hexandra
cratta,Crateva tapia
crem2,Cremastosperma sp.2
crem4,Cremastosperma sp.4
creman,Klarobelia anomala
crempa,Cremastosperma panamense
crospa,Crossopetalum parviflorum
crot2,Croton sp.2
crotbi,Croton billbergianus
crotdr,Croton draco
crotla,Croton lanjouwensis
crotpa,Croton pachypodus
crotsc,Croton schiedeanus
crudac,Crudia acuminata
cryowa,Cryosophila warscewiczii
cupa1,Cupania sp.1
cupa2,Cupania sp.2
cupa3,Cupania sp.3
cupa5,Cupania sp.5
cupaci,Cupania cinerea
cupagu,Cupania guatemalensis
cupala,Cupania latifolia
cuparu,Cupania rufescens
cupasc,Cupania scrobiculata
cupasy,Cupania seemannii
cyatmu,Cyathea multiflora
cym1co,Cymbopetalum costaricense
cym1la,Cymbopetalum lanugipetalum
cyphha,Solanum circinatum
dalbre,Dalbergia retusa
dapham,Daphnopsis americana
daphco,Daphnopsis correae
dendar,Dendropanax arboreus
dendgl,Dendropanax globosus
dendpu,Dendropanax punctatus
dendse,Dendropanax sessiliflorus
des2pa,Desmopsis panamensis
dialgu,Dialium guianense
dichax,Dichapetalum axillare
dio2ar,Diospyros artanthifolia
diphro,Diphysa americana
diptpa,Dipteryx oleifera
discgu,Discophora guianensis
dryp2,Drypetes coba
drypam,Drypetes aff.amazonica
drypst,Drypetes standleyi
duguco,Duguetia confusa
duss1,Dussia sp.1
duss2,Dussia sp.2
duss3,Dussia sp.3
duss4,Dussia sp.4
duss5,Dussia sp.5
duss6,Dussia sp.6
dussat,Dussia atropurpurea
dussma,Dussia macroprophyllata
dusste,Dussia tessmannii
dystpa,Dystovomita paniculata
ecclla,Ecclinusa lanceolata
ela1ni,Elaeagia nitidifolia
ela21,Elaeoluma sp.1
elaeol,Elaeis oleifera
endlbr,Endlicheria browniana
entecy,Enterolobium cyclocarpum
entesc,Enterolobium schomburgkii
erblod,Erblichia odorata
erisbl,Erisma blancoa
ery1co,Erythrina costaricensis
ery2ci,Erythroxylum citrifolium
ery2ma,Erythroxylum macrophyllum
ery2pa,Erythroxylum panamense
esch3,Eschweilera sp.3
esch6,Eschweilera sp.6
escham,Eschweilera amplexifolia
eschan,Eschweilera aff.angustifolia
eschca,Eschweilera calyculata
eschja,Eschweilera jacquelyniae
eschpa,Eschweilera panamensis
eschpi,Eschweilera pittieri
eschse,Eschweilera sessilis
euge10,Eugenia sp.10
euge13,Eugenia sp.13
euge16,Eugenia sp.16
euge18,Eugenia sp.18
euge19,Eugenia sp.19
euge20,Eugenia sp.20
euge22,Eugenia sp.22
euge26,Eugenia sp.26
euge27,Eugenia sp.27
euge5,Eugenia sp.5
euge6,Eugenia sp.6
euge7,Eugenia sp.7
euge8,Eugenia sp.8
euge9,Eugenia sp.9
eugeau,Eugenia austin-smithii
eugeco,Eugenia coloradoensis
eugecr,Eugenia cricamolensis
eugega,Eugenia galalonensis
eugene,Eugenia nesiotica
eugeoc,Eugenia octopleura
eugeoe,Eugenia oerstediana
eugepr,Eugenia principium
eugesa,Eugenia hiraeifolia
eugeve,Eugenia venezuelensis
eup2,Unidentified sp.2
eutepr,Euterpe precatoria
exosme,Exostema mexicanum
fara2,Faramea coba
faralu,Faramea luteovirens
faramu,Faramea multiflora
faraoc,Faramea occidentalis
farapa,Faramea parvibractea
ficu10,Ficus sp.10
ficu11,Ficus sp.11
ficu12,Ficus sp.12
ficu13,Ficus sp.13
ficu3,Ficus sp.3
ficu4,Ficus sp.4
ficu5,Ficus sp.5
ficu6,Ficus sp.6
ficu8,Ficus sp.8
ficu9,Ficus sp.9
ficubr,Ficus brevibracteata
ficubu,Ficus bullenei
ficuc1,Ficus colubrinae
ficuc2,Ficus costaricana
ficuci,Ficus citrifolia
ficuin,Ficus insipida
ficuma,Ficus maxima
ficuny,Ficus nymphaeifolia
ficuob,Ficus obtusifolia
ficup1,Ficus apollinaris
ficupe,Ficus pertusa
ficupo,Ficus popenoei
ficuto,Ficus tonduzii
ficutr,Ficus aurea
ficuyo,Ficus yoponensis
fissfe,Fissicalyx fendleri
gar2in,Garcinia intermedia
gar2m1,Garcinia magnifolia
gar2ma,Garcinia madruno
geniam,Genipa americana
geniwi,Genipa williamsii
geonco,Geonoma congesta
geoncu,Geonoma cuneata
geonde,Geonoma deversa
geonin,Geonoma interrupta
gloeen,Gloeospermum eneidense
gloesp,Gloeospermum sphaerocarpum
gmelar,Gmelina arborea
gonz1,Gonzalagunia sp.1
gonzru,Gonzalagunia rudis
gordbr,Gordonia brandegeei
griaca,Grias cauliflora
guapco,Guapira costaricana
guapst,Guapira standleyana
guar1,Guarea sp.1
guar2,Guarea sherman
guar4,Guarea sp.4
guar6,Guarea sp.6
guar8,Guarea sp.8
guargl,Guarea glabra
guargr,Guarea grandifolia
guargu,Guarea guidonia
guarku,Guarea kunthiana
guarm1,Guarea cf.macrophylla
guarma,Guarea macropetala
guarpt,Guarea pterorhachis
guarrh,Guarea rhopalocarpa
guarsp,Guarea bullata
guat5,Guatteria sp.5
guat7,Guatteria sp.7
guata1,Guatteria alata
guatab,Guatteria aberrans
guatal,Guatteria allenii
guatam,Guatteria amplifolia
guatdu,Guatteria dumetorum
guatse,Guatteria sessilicarpa
guazul,Guazuma ulmifolia
guetcr,Guettarda crispiflora
guetfo,Guettarda foliacea
guetra,Guettarda ramuliflora
gust1,Gustavia sp.1
gustdu,Gustavia dubia
gustfo,Gustavia fosteri
gustsu,Gustavia superba
gyrada,Gyranthera darienensis
hameax,Hamelia axillaris
hamepa,Hamelia patens
hampap,Hampea appendiculata
hassfl,Hasseltia floribunda
hedysc,Hedyosmum scaberrimum
heisac,Heisteria acuminata
heisco,Heisteria concinna
hel1to,Helicostylis tovarensis
heliam,Heliocarpus americanus
henrfa,Henriettella fascicularis
henrsu,Henriettea succosa
henrtr,Henriettella trachyphylla
henrtu,Henriettella tuberculosa
herndi,Hernandia didymantha
hernst,Hernandia stenura
herrny,Herrania nycterodendron
herrpu,Herrania purpurea
hevebr,Hevea brasiliensis
hip1pa,Hippotis panamensis
hirt5,Hirtella sp.5
hirtam,Hirtella americana
hirtgu,Hirtella guatemalensis
hirtla,Hirtella latifolia
hirtra,Hirtella racemosa
hirttr,Hirtella triandra
hirttu,Hirtella tubiflora
hortco,Hortia colombiana
humidi,Humiriastrum diguense
huracr,Hura crepitans
hybapr,Hybanthus prunifolius
hyeral,Hieronyma alchorneoides
hyerob,Hieronyma oblonga
hym1me,Hymenolobium mesoamericanum
hymeco,Hymenaea courbaril
hymepi,Hymenandra pittieri
hypeto,Hyperbaena tonduzii
inga11,Inga sp.11
inga15,Inga sp.15
inga18,Inga sp.18
inga24,Inga sp.24
inga31,Inga sp.31
inga6,Inga sp.6
inga7,Inga sp.7
inga8,Inga sp.8
ingaac,Inga acrocephala
ingaal,Inga alba
ingabe,Inga bella
ingaca,Inga capitata
ingach,Inga chocoensis
ingaci,Inga ciliata
ingaco,Inga cocleensis
ingadw,Inga dwyeri
ingafa,Inga laurina
ingafi,Inga filiformis
ingago,Inga goldmanii
ingaje,Inga jefensis
ingale,Inga leiocalycina
ingam1,Inga mucuna
ingam2,Inga multijuga
ingama,Inga marginata
ingami,Inga oerstediana
ingap1,Inga polita
ingapa,Inga pauciflora
ingape,Inga pezizifera
ingapu,Inga punctata
ingaqu,Inga nobilis
ingaru,Inga ruiziana
ingas1,Inga acuminata
ingasa,Inga sapindoides
ingase,Inga sertulifera
ingasi,Inga sierrae
ingasp,Inga spectabilis
ingast,Inga aff.stenophylla
ingath,Inga thibaudiana
ingaum,Inga umbellifera
ingaur,Inga urceolata
ingav1,Inga venusta
ingave,Inga vera
iriade,Iriartea deltoidea
ixorfl,Ixora floribunda
jac1ca,Jacaranda caucana
jac1co,Jacaranda copaia
jac2co,Jacaratia costaricensis
jac2sp,Jacaratia spinosa
koanwe,Koanophyllon wetmorei
laciag,Lacistema aggregatum
lacmpa,Lacmellea panamensis
lacmsp,Lacmellea speciosa
ladema,Ladenbergia macrocarpa
laetpr,Laetia procera
laetth,Laetia thamnia
lafopu,Lafoensia punicifolia
laplfr,Gordonia fruticosa
lau11,Unidentified sp.11
lau13,Unidentified sp.13
lau14,Unidentified sp.14
lau15,Unidentified sp.15
lau16,Unidentified sp.16
lau17,Unidentified sp.17
lau18,Unidentified sp.18
lau19,Unidentified sp.19
lau4,Unidentified sp.4
lau5,Unidentified sp.5
lau8,Unidentified sp.8
laxote,Laxoplumeria tessmannii
leandi,Leandra dichotoma
leangr,Leandra granatensis
lecoam,Lecointea amazonica
lecyam,Lecythis ampla
leongl,Leonia glycycarpa
lic12,Licaria sp.2
lic1ex,Licaria excelsa
lic1mi,Licaria misantlae
lica1,Licania sp.1
lica4,Licania coba
licaaf,Licania affinis
licaar,Licania arborea
licacr,Licania cruegeriana
licafa,Licania fasciculata
licahy,Licania hypoleuca
licaka,Licania kallunkii
licama,Licania macrocarpa
licamo,Licania morii
licapl,Licania platypus
lindla,Lindackeria laurina
loncat,Lonchocarpus atropurpureus
loncla,Lonchocarpus heptaphyllus
loncol,Lonchocarpus oliganthus
lopida,Pavonia dasypetala
lozapi,Lozania pittieri
luehse,Luehea seemannii
luehsp,Luehea speciosa
lunapa,Lunania parviflora
lycima,Lycianthes maxonii
mabeoc,Mabea occidentalis
mac1co,Macrolobium costaricense
mac1pi,Macrolobium pittieri
machbi,Machaerium biovulatum
maclti,Maclura tinctoria
macosp,Macoubea mesoamericana
macrgl,Macrocnemum roseum
malmdi,Malmea dimera
malmsp,Mosannona garwoodii
malois,Malouetia isthmica
malpal,Malpighia albiflora
malpro,Malpighia romeroana
mammim,Mammea immansueta
mangin,Mangifera indica
mani1,Manilkara sp.1
manibi,Manilkara bidentata
maniza,Manilkara zapota
maprgu,Maprounea guianensis
maquco,Maquira guianensis
mar11,Marila sp.1
mar13,Marila sp.3
mar1do,Marila domingensis
mar1l1,Marila lactogena
mar1la,Marila laxiflora
mar1pl,Marila pluricostata
marapa,Maranthes panamensis
margno,Margaritaria nobilis
mataap,Matayba apetala
matagl,Matayba glaberrima
matasc,Matayba scrobiculata
matiex,Matisia exalata
matije,Matisia jefensis
matisa,Matisia sanblasensis
maynod,Mayna odorata
mayt1,Maytenus sp.1
maytsc,Maytenus schippii
mel4,Unidentified sp.4
melig1,Meliosma hoja_grande
meligl,Meliosma glabrata
meligr,Meliosma grandiflora
meliid,Meliosma idiopoda
melioc,Meliosma occidentalis
mico10,Miconia sp.10
mico14,Miconia sp.14
mico3,Miconia sp.3
mico5,Miconia sp.5
mico9,Miconia sp.9
micoaf,Miconia affinis
micoar,Miconia argentea
micoce,Miconia centronioides
micodo,Miconia dorsiloba
micoel,Miconia elata
micoho,Miconia hondurensis
micoim,Miconia impetiolaris
micoli,Miconia ligulata
micomu,Miconia multispicata
micone,Miconia nervosa
micopo,Miconia poeppigii
micopr,Miconia prasina
micopu,Miconia punctata
micore,Miconia reducens
micose,Miconia serrulata
micosi,Miconia simplex
micotr,Miconia trinervia
micoum,Miconia umbriensis
micrme,Micropholis melinoniana
micrve,Micropholis venulosa
minqgu,Minquartia guianensis
mollda,Mollinedia darienensis
mollpi,Mollinedia pinchotiana
mort1,Mortoniodendron sp.1
mortan,Mortoniodendron anisophyllum
mosqja,Mosquitoxylum jamaicense
mour1,Mouriri coba
mourco,Mouriri cf.completens
mourex,Mouriri aff.exilis
mourmy,Mouriri myrtilloides
mourpa,Mouriri panamensis
muntca,Muntingia calabura
myr21,Myrciaria sp.1
myr22,Myrciaria sp.2
myr2fl,Myrciaria floribunda
myrc4,Myrcia sp.4
myrc5,Myrcia sp.5
myrc6,Myrcia sp.6
myrcga,Myrcia gatunensis
myrcpa,Myrcia panamensis
myrcsp,Myrcia splendens
myrcze,Aulomyrcia zetekiana
myrilo,Myriocarpa longipes
myrofr,Myrospermum frutescens
myrs1,Myrsine sp.1
myt11,Unidentified sp.11
myt13,Unidentified sp.13
myt15,Unidentified sp.15
myt16,Unidentified sp.16
myt17,Unidentified sp.17
myt18,Unidentified sp.18
myt19,Unidentified sp.19
myt20,Unidentified sp.20
myt21,Unidentified sp.21
naucca,Naucleopsis capirensis
naucst,Naucleopsis straminea
naucul,Naucleopsis ulei
nect11,Nectandra sp.11
nect12,Nectandra sp.12
nect3,Nectandra sp.3
nect9,Nectandra sp.9
nectci,Nectandra cissiflora
nectcu,Nectandra cuspidata
nectgl,Nectandra lineata
nectma,Nectandra martinicensis
nectpu,Nectandra purpurea
nects1,Nectandra fuzzy
nects3,Nectandra sp.4_(tiny_leaf)
neea1,Neea sp.1
neea2,Neea sp.2
neea3,Neea sp.3
neea4,Neea sp.4
neea6,Neea roja
neea7,Neea sp.7
neeaam,Neea amplifolia
neeade,Neea delicatula
neeala,Neea laetevirens
nyc1,Guapira campochagres
ochrpy,Ochroma pyramidale
ocot13,Ocotea sp.13
ocot14,Ocotea sp.14
ocot17,Ocotea sp.17
ocot18,Ocotea sp.18
ocot19,Ocotea sp.19
ocot5,Ocotea sp.5
ocot6,Ocotea sp.6
ocot7,Ocotea sp.7
ocot9,Ocotea sp.9
ocotar,Ocotea arcuata
ocotce,Ocotea cernua
ocotde,Ocotea dendrodaphne
ocoten,Ocotea endresiana
ocotha,Ocotea hartshorniana
ocothe,Ocotea helicterifolia
ocotir,Ocotea insularis
ocotjo,Ocotea jorge-escobarii
ocotle,Ocotea leucoxylon
ocotob,Ocotea oblonga
ocotpa,Ocotea atirrensis
ocotpu,Ocotea puberula
ocotru,Ocotea rubrinervis
ocotto,Ocotea tonduzii
ocotve,Ocotea veraguensis
ocotwh,Ocotea whitei
oenoma,Oenocarpus mapora
olmeas,Trophis caucana
oreo2,Oreopanax sp.2
oreoca,Oreopanax capitatus
ormoam,Ormosia amazonica
ormocr,Ormosia coccinea
ormoma,Ormosia macrocalyx
ostepl,Osteophloeum platyspermum
otobac,Otoba acuminata
otobno,Otoba novogranatensis
otobpa,Otoba parvifolia
ouraco,Ouratea prominens
ourakn,Ouratea knappiae
ouralu,Ouratea lucens
oxanlo,Oxandra longipetala
oxanpa,Oxandra panamensis
paligu,Palicourea guianensis
panosu,Panopsis suaveolens
par21,Parathesis sp.1
par2am,Parathesis amplifolia
parkni,Parkia nitida
parmce,Parmentiera cereifera
pentco,Pentagonia costaricensis
pentgy,Pentagonia gymnopoda
pentma,Pentagonia macrophylla
pentpa,Pentagonia parvifolia
peraar,Pera arborea
pere1,Perebea sp.1
perean,Perebea angustifolia
peregu,Perebea guianensis
perexa,Perebea xanthochyma
phoe1,Phoebe sp.1
phoeci,Cinnamomum triplinerve
phylac,Phyllanthus acuminatus
picrla,Picramnia latifolia
pipe5,Piper sp.5
pipe6,Piper sp.6
pipe7,Piper sp.7
pipe8,Piper sp.8
pipea1,Piper arboreum
pipea4,Piper augustum
pipeae,Piper aequale
pipeau,Piper auritum
pipeca,Piper schiedeanum
pipeco,Piper cordulatum
pipecu,Piper colonense
pipegr,Piper grande
pipehi,Piper hispidum
pipeim,Piper imperialis
pipelo,Piper longispicum
pipepe,Piper perlasense
pipere,Piper reticulatum
pit1ba,Abarema barbouriana
pit1di,Zygia dinizii
pit1ma,Abarema macradenia
pit1ru,Cojoba rufescens
pla1pi,Platymiscium pinnatum
pla2el,Platypodium elegans
ple1li,Pleuranthodendron lindenii
pleu2,Pleurothyrium sp.2_(hoja_grande)
pleuhe,Pleurothyrium aff.hexaglandulosum
pleura,Pleurothyrium racemosum
pochaq,Pachira aquatica
pochqu,Pachira quinata
pochse,Pachira sessilis
podogu,Podocarpus guatemalensis
podool,Podocarpus oleifolius
pogosp,Pogonopus exsertus
poso1,Posoqueria sp.1_(hojas_chicas)
posola,Posoqueria latifolia
poular,Poulsenia armata
pourbi,Pourouma bicolor
pourmi,Pourouma minor
pout10,Pouteria sp.10
pout17,Pouteria sp.17
pout18,Pouteria sp.18
pout20,Pouteria sp.20
pout21,Pouteria sp.21
pout23,Pouteria sp.23
pout27,Pouteria sp.27
pout28,Pouteria sp.28
pout3,Pouteria sp.3
pout30,Pouteria sp.30
pout4,Pouteria sp.4
pout7,Pouteria sp.7
pout8,Pouteria sp.8
pout9,Pouteria sp.9
poutb1,Pouteria bulliformis
poutbu,Pouteria buenaventurensis
poutc1,Pouteria calistophylla
poutca,Pouteria campechiana
poutco,Pouteria congestifolia
poutcu,Pouteria cuspidata
poutdu,Pouteria durlandii
poutf1,Pouteria foveolata
poutfo,Pouteria fossicola
poutgl,Pouteria glomerata
poutle,Pouteria leptopedicellata
poutre,Pouteria reticulata
poutsc,Pouteria sclerocarpa.aff
poutst,Pouteria stipitata
poutsy,Pouteria silvestris
poutto,Pouteria torta
presde,Prestoea decurrens
pri2co,Prioria copaifera
proccr,Prockia crucis
protco,Protium costaricense
protgl,Protium glabrum
protgu,Protium aff.guianense
protpa,Protium panamense
protsp,Protium confusum
protte,Protium tenuifolium
prottr,Protium trifoliolatum
pse1se,Pseudobombax septenatum
pse2la,Pseudolmedia laevigata
pse2sp,Pseudolmedia spuria
pse3fr,Pseudima frutescens
psidfr,Psidium friedrichsthalianum
psyc4,Psychotria sp.4
psycac,Psychotria acuminata
psycal,Psychotria allenii
psycb1,Psychotria brachiata
psycb2,Psychotria brachybotrya
psycc1,Psychotria capitata
psycca,Psychotria calophylla
psycch,Psychotria chagrensis
psycci,Psychotria cincta
psycde,Psychotria deflexa
psycel,Psychotria elata
psycer,Psychotria erecta
psycfu,Psychotria hoffmannseggiana
psycg1,Psychotria graciliflora
psycg2,Psychotria tenuifolia
psycg3,Psychotria grandis
psycho,Psychotria horizontalis
psycli,Psychotria limonensis
psyclu,Psychotria luxurians
psycma,Psychotria marginata
psycpa,Psychotria panamensis
psycpi,Psychotria cyanococca
psycpo,Psychotria poeppigiana
psycps,Psychotria psychotriifolia
psycra,Psychotria racemosa
psycsa,Psychotria santaritensis
psycsu,Psychotria suerrensis
psycum,Psychotria umbelliformis
pter2,Pterocarpus sp.2
pter3,Pterocarpus sp.3
pterac,Pterocarpus acapulcensis
pterof,Pterocarpus officinalis
pterro,Pterocarpus rohrii
qualpo,Qualea polychroma
quar3,Quararibea sp.3
quaras,Quararibea asterolepis
quarob,Matisia obliquifolia
quarpl,Quararibea platyphylla
quasam,Quassia amara
quetoc,Quetzalia occidentalis
quiisc,Quiina schippii
rand2,Randia sp.2
rand3,Randia sp.3
randar,Randia armata
randfo,Rosenbergiodendron formosum
randgr,Randia grandifolia
randho,Randia hondensis
rauvli,Rauvolfia littoralis
rino2,Rinorea sp.2
rino3,Rinorea sp.3
rino4,Rinorea sp.4
rinoap,Rinorea apiculata
rinoda,Rinorea dasyadena
rinohu,Rinorea hummelii
rinoli,Rinorea lindeniana
rinosq,Rinorea squamata
rinosy,Rinorea sylvatica
rollpi,Rollinia pittieri
roupmo,Roupala montana
rub6,Unidentified sp.6
rudg1,Rudgea sp.1
rudgco,Rudgea cornifolia
rudgpi,Rudgea pittieri
ruprco,Ruprechtia costata
ruptca,Ruptiliocarpon caracolito
ryansp,Ryania speciosa
sacoov,Sacoglottis ovicarpa
sacotr,Sacoglottis trichogyna
salaju,Salacia juruana
salape,Salacia petenensis
samasa,Samanea saman
sap1sa,Sapindus saponaria
sap3,Unidentified sp.3
sap4,Unidentified sp.4
sap5,Unidentified sp.5
sap6,Unidentified sp.6
sap7,Unidentified sp.7
sap8,Unidentified sp.8
sapi2,Sapium sp.2
sapiau,Sapium glandulosum
sapila,Sapium laurifolium
sapisp,Sapium broadleaf
sarcbr,Sarcaulus brasiliensis
saurla,Saurauia yasicae
sch1zo,Attalea butyracea
sch2mo,Schefflera morototoni
schipa,Schizolobium parahyba
sciaex,Sciadodendron excelsum
scleco,Sclerolobium costaricense
sennda,Senna dariensis
sideco,Sideroxylon cf.contrerasii
sidepe,Sideroxylon persimile
sim1po,Simaba polyphylla
simaam,Simarouba amara
sipa3,Siparuna sp.3
sipacu,Siparuna cuspidata
sipagu,Siparuna guianensis
sipapa,Siparuna pauciflora
sloa5,Sloanea sp.5
sloa6,Sloanea sp.6
sloa7,Sloanea sp.7
sloa8,Sloanea sp.8
sloa9,Sloanea sp.9
sloala,Sloanea laurifolia
sloam1,Sloanea meianthera
sloam2,Sloanea medusula
sloame,Sloanea megaphylla
sloate,Sloanea terniflora
sloazu,Sloanea zuliaensis
socrex,Socratea exorrhiza
sola3,Solanum sp.3
solaar,Solanum arboreum
solaas,Solanum asperum
solaex,Solanum cordovense
solaha,Solanum hayesii
solast,Solanum steyermarkii
soroaf,Sorocea affinis
soropu,Sorocea pubivena
spacme,Spachea membranacea
sponcy,Spondias dulcis
sponmo,Spondias mombin
sponra,Spondias radlkoferi
stem1,Stemmadenia sp.1
stem3,Stemmadenia sp.3
stemgr,Stemmadenia grandiflora
ster2,Sterculia sp.2
sterap,Sterculia apetala
stergl,Sterculia costaricana
sterre,Sterculia recordiana
stylst,Stylogyne turbacensis
swarpa,Swartzia panamensis
swars1,Swartzia simplex
swiema,Swietenia macrophylla
sympgl,Symphonia globulifera
synewa,Synechanthus warscewiczianus
tab1gu,Tabebuia guayacan
tab1oc,Tabebuia ochracea
tab1ro,Tabebuia rosea
tab2ar,Tabernaemontana arborea
tab2pa,Tabernaemontana panamensis
tab2pe,Tabernaemontana longipes
tab2un,Tabernaemontana undulata
tachve,Tachigali versicolor
talagl,Talauma gloriensis
talasa,Talauma sambuensis
taline,Talisia nervosa
talipr,Talisia croatii
tapigu,Tapirira guianensis
tapucu,Tapura cubensis
term1,Terminalia sp.1
termam,Terminalia amazonia
termob,Terminalia oblonga
ternte,Ternstroemia tepezapote
tet2pa,Tetragastris panamensis
tet4jo,Tetrathylacium johansenii
tet4ma,Tetrathylacium macrophyllum
tet5eu,Tetrorchidium euryphyllum
tet5go,Tetrorchidium gorgonae
theobe,Theobroma bernoullii
theoca,Theobroma cacao
theoch,Theobroma simiarum
theosp,Theobroma speciosum
thevah,Thevetia ahouai
toc1gu,Tococa guianensis
tocopi,Tocoyena pittieri
tovo1,Tovomita sp.1
tovolo,Tovomita longifolia
tovost,Tovomita stylosa
tovowe,Tovomita weddelliana
tratas,Trattinnickia aspera
tratbu,Trattinnickia burserifolia
tremin,Trema integerrima
tremmi,Trema micrantha
tri1gi,Trichanthera gigantea
tri2hi,Trichilia hirta
tri2pa,Trichilia pallida
tri2pl,Trichilia pleeana
tri2po,Trichilia poeppigii
tri2qu,Trichilia quadrijuga
tri2se,Trichilia septentrionalis
tri2to,Trichilia martiana
tri2tu,Trichilia tuberculata
tri4ga,Trichospermum galeottii
tripcu,Triplaris cumingiana
tropra,Trophis racemosa
turnpa,Turnera panamensis
turpoc,Turpinia occidentalis
un1m39,Unidentified monitoreo_39
un1m40,Unidentified monitoreo_40
un1m41,Unidentified monitoreo_41_1
un2_sh,Unidentified (sherman)
uniden,Unidentified species
unon1,Unonopsis sp.1
unon2,Unonopsis sp.2
unon3,Unonopsis peludo
unonpa,Unonopsis panamensis
unonpi,Unonopsis pittieri
unonth,Unonopsis theobromifolia
unonve,Unonopsis aff.veneficiorum
urerba,Urera baccifera
urerca,Urera caracasana
vantde,Vantanea depleta
vataer,Vatairea erythrocarpa
verbgi,Verbesina gigantea
verbla,Verbesina lanata
vernpa,Vernonanthura patens
viroel,Virola elongata
virogu,Virola guatemalensis
viroko,Virola koschnyi
viroma,Virola macrocarpa
virome,Virola megacarpa
virose,Virola sebifera
virosp,Virola multiflora
virosu,Virola surinamensis
vismba,Vismia baccifera
vismbi,Vismia billbergiana
vismje,Vismia jefensis
vismma,Vismia macrophylla
viteco,Vitex cooperi
vitecy,Vitex cymosa
voch1,Vochysia sp.1
vochfe,Vochysia ferruginea
vochho,Vochysia guatemalensis
warsco,Warszewiczia coccinea
welfre,Welfia regia
wetthi,Wettinia quinaria
ximeam,Ximenia americana
xyl1ar,Xylopia aromatica
xyl1bo,Xylopia bocatorena
xyl1fr,Xylopia frutescens
xyl1ma,Xylopia macrantha
xyl1se,Xylopia sericea
xyl2ch,Xylosma chlorantha
xyl2ol,Xylosma oligandra
zamiel,Zamia elegantissimia
zantbe,Zanthoxylum ekmanii
zantp1,Zanthoxylum panamense
zantpr,Zanthoxylum acuminatum
zantse,Zanthoxylum setulosum
zizici,Ziziphus chloroxylon
zuelgu,Zuelania guidonia
zygi1,Zygia sp.1
zygi2,Zygia sp.2
